<?xml version="1.0" encoding="UTF-8"?>
<project-private xmlns="http://www.netbeans.org/ns/project-private/1">
    <editor-bookmarks xmlns="http://www.netbeans.org/ns/editor-bookmarks/2" lastBookmarkId="0"/>
    <open-files xmlns="http://www.netbeans.org/ns/projectui-open-files/2">
        <group>
            <file>file:/Users/Jerom/eclipse/java-neon/EE5/C/EE5_PIC24_V2.X/UART.c</file>
            <file>file:/Users/Jerom/eclipse/java-neon/EE5/C/EE5_PIC24_V2.X/FIFO.h</file>
            <file>file:/Users/Jerom/eclipse/java-neon/EE5/C/EE5_PIC24_V2.X/multimeter_pic24.c</file>
            <file>file:/Users/Jerom/eclipse/java-neon/EE5/C/EE5_PIC24_V2.X/ADC.c</file>
            <file>file:/Users/Jerom/eclipse/java-neon/EE5/C/EE5_PIC24_V2.X/DAC.c</file>
            <file>file:/Users/Jerom/eclipse/java-neon/EE5/C/EE5_PIC24_V2.X/multimeter_pic24.h</file>
            <file>file:/Users/Jerom/eclipse/java-neon/EE5/C/EE5_PIC24_V2.X/connectionprotocol.c</file>
            <file>file:/Users/Jerom/eclipse/java-neon/EE5/C/EE5_PIC24_V2.X/FIFO.c</file>
            <file>file:/Users/Jerom/eclipse/java-neon/EE5/C/EE5_PIC24_V2.X/DAC.h</file>
            <file>file:/Users/Jerom/eclipse/java-neon/EE5/C/EE5_PIC24_V2.X/FunctionGenerator.c</file>
            <file>file:/Users/Jerom/eclipse/java-neon/EE5/C/EE5_PIC24_V2.X/main.c</file>
            <file>file:/Users/Jerom/eclipse/java-neon/EE5/C/EE5_PIC24_V2.X/connectionprotocol.h</file>
        </group>
    </open-files>
</project-private>
